<?xml version="1.0" encoding="utf-8"?>
<metafile version="3.7" client="site">
	<name>Chinese Simplified (zh-CN)</name>
	<version>3.7.4</version>
	<creationDate>2017 August</creationDate>
	<author>joomlabook</author>
	<authorEmail></authorEmail>
	<authorUrl></authorUrl>
	<copyright>Joomla!</copyright>
	<license>GNU General Public License version 2 or later</license>
	<description>zh-CN 网站前台简体中文语言</description>
	<metadata>
		<name>Chinese Simplified</name>
		<nativeName>简体中文(中国)</nativeName>
		<tag>zh-CN</tag>
		<rtl>0</rtl>
		<locale>zh_CN.utf8, zh_CN.UTF-8, zh, zho, zhi, zh_CN, zho_CN, zhi_CN, chn_CN, cn, simplified_chinese</locale>
		<firstDay>1</firstDay>
		<weekEnd>0,6</weekEnd>
		<calendar>gregorian</calendar>
	</metadata>
	<params />
</metafile>
