<?xml version="1.0" encoding="utf-8"?>
<extension version="3.7" client="administrator" type="language" method="upgrade">
	<name>Chinese Simplified (zh-CN)</name>
	<tag>zh-CN</tag>
	<version>3.7.4</version>
	<creationDate>2017 August</creationDate>
	<author>joomlabook</author>
	<authorEmail></authorEmail>
	<authorUrl></authorUrl>
	<copyright>Joomla!</copyright>
	<license>GNU General Public License version 2 or later</license>
	<description>zh-CN 管理后台简体中文语言</description>
	<files>
		<folder>/</folder>
		<filename file="meta">install.xml</filename>
	</files>
	<params />
</extension>
