<?xml version="1.0" encoding="iso-8859-1"?>
<extension type="module" version="1.6.0" client="site" method="upgrade">
	<name>BT Content Slider</name>
	<creationDate>Sep 2011</creationDate>
	<author>www.bowthemes.com</author>
	<copyright>Copyright (C) 2016 Bowthemes. All rights reserved.</copyright>
	<license>http://www.gnu.org/licenses/gpl-2.0.html GNU/GPL</license>
	<authorEmail>support@bowthemes.com</authorEmail>
	<authorUrl>http://www.bowthemes.com</authorUrl>
	<version>2.3.11</version>
	 <description>
	<![CDATA[
<div class="bt_description">
	<h3>BT content slider Module Version 2.3.11</h3>
	<a href="http://bowthemes.com" target="_blank"><img
		src="../modules/mod_bt_contentslider/admin/images/bt-slider.png">
	</a>
	<p>Helps to slide your articles from Joomla! categories with cool
		effects, rich backend configs covering layout, animation control, auto
		thumbnail creating, images resizing, numbering articles, sorting
		ect...</p>
	<br clear="both" />
	<h3>Features</h3>
	<ul class="list-style">
		<li>Compatibility with Joomla 1.6, 1.7, 2.5 and Joomla 3.x</li>
		<li>Content control display from any section, category or article ID's</li>
		<li>Support for<a href="http://getk2.org/"> K2 component</a></li>
		<li>Support for <a href="joomla-extensions/bt-porfolio-component.html" target="_blank" title="Portfolio Joomla component">BT Portfolio component</a></li>
		<li>Support for <a href="http://bit.ly/1baVxzb">EasyBlog Component</a></li>
		<li>Scalable size of the module</li>
		<li>Horizontal and vertical news presentation (columns and rows
			configuration).</li>
		<li>Support for responsive template</li>
		<li>Show text, image, author, date, section/category name and
			button "read more" option, with order customization.</li>
		<li>Image Cropping</li>
		<li>On/Off front page articles display in modules</li>
		<li>Easy and friendly back-end administration.</li>
		<li>Included French language.</li>
		<li>Used Javascript Framework: Jquery latest version</li>
		<li>Fully compatible: Firefox, IE7+, Opera 9.5, Safari, Netscape,
			Google Chrome, Camino, Flock 0.7+.</li>
	</ul>
	<h3>UPgrade versions</h3>
	<p>
		Your current versions is 2.3.11. <a target="_blank" href="http://bowthemes.com/bt-content-slider.html">Find our latest versions now</a>
	</p>
	<h3>Userful links</h3>
	<ul>
		<li><a target="_blank" href="http://bowthemes.com/bowthemes.com/bt-content-slider.html">Video tutorials</a></li>
		<li><a target="_blank" href="http://bowthemes.com/forums/14-bt-content-slider/">Report bug</a></li>
		<li><a target="_blank" href="http://bowthemes.com/forums/14-bt-content-slider/">Forum support</a></li>
	</ul>
	<h3>About bow themes & copyright</h3>
	<p>Bow Themes is Professional Joomla template provider. We are
		focused on creating unique, attractive and clean templates without
		loosing flexibility and simplicity of customization</p>
	Copyright (C) 2016 BowThemes
</div>
<style>
.bt_description{
	text-align: left;
}
.bt_description h3 {
	text-transform: uppercase;
	margin: 20px 0px 10px 0px;
}

.bt_description img {
	float: left;
	margin: 5px 10px 5px 0px;
}

.bt_description p,.bt_description li {
	padding: 5px 5px 5px 30px;
	list-style: none outside none;
}

.bt_description ul.list-style li {
	background: url(../modules/mod_bt_contentslider/admin/images/tick.png)
		0px 6px no-repeat;
	padding-left: 30px;
	line-height: 15px;
}
</style>
]]></description>
	<files>
		<filename module="mod_bt_contentslider">mod_bt_contentslider.php</filename>
		<filename module="mod_bt_contentslider">index.html</filename>
		<folder module="mod_bt_contentslider">images</folder>
		<folder module="mod_bt_contentslider">classes</folder>
		<folder module="mod_bt_contentslider">tmpl</folder>
		<folder module="mod_bt_contentslider">admin</folder>
		<folder module="mod_bt_contentslider">helpers</folder>
	</files>
	<languages>
		<language tag="en-GB">language/en-GB.mod_bt_contentslider.ini</language>
		<language tag="fr-FR">language/fr-FR.mod_bt_contentslider.ini</language>
	</languages>
	<config>
		<fields name="params">
			<fieldset name="basic" label="GLOBALSETTING">
				<field name="moduleclass_sfx" type="text" default=""
					label="MODULE_CLASS_SUFFIX" description="MODULE_CLASS_SUFFIX_DESC" />ITEMS_PER_ROWS
				<field
					name="layout"
					type="modulelayout"
					label="JFIELD_ALT_LAYOUT_LABEL"
					description="JFIELD_ALT_MODULE_LAYOUT_DESC" />
				<field name="content_title" type="text" default=""
					label="CONTENT_TITLE" description="CONTENT_TITLE_DESC" />
				<field name="content_link" type="text" default=""
					label="CONTENT_LINK" description="CONTENT_LINK_DESC" />
				<field type="spacer" name="NAVIGATION_SETTING" label="NAVIGATION_SETTING" />
				<field name="butlet" type="list" default="1" 
					label="NAVIGATION_BAR" description="NAVIGATION_BAR_DESC">
					<option value="0">JNONE</option>
					<option value="1">BULLET</option>
					<option value="2">NUMBERING</option>
				</field>
				<field name="navigation_top" type="text" default="0"
					label="NAVIGATION_TOP" description="NAVIGATION_TOP_DESC" />
				<field name="navigation_right" type="text" default="0"
					label="NAVIGATION_RIGHT" description="NAVIGATION_RIGHT_DESC" />
				<field name="next_back" class="btn-group" type="radio" default="0"
					label="NEXT_BACK" description="NEXT_BACK_DESC">
					<option value="1">JYES</option>
					<option value="0">JNO</option>
				</field>	
				<field type="spacer" name="GIRD_SETTING" label="GIRD_SETTING" />
				<field name="module_width" type="text" default="auto" label="MODULE_WIDTH"
					description="MODULE_WIDTH_DESC" />
				<field name="module_height" type="text" default="auto" label="MODULE_HEIGHT" class="auto_height_no"
					description="MODULE_HEIGHT_DESC" />
				<field name="auto_height" type="radio" default="1" class="btn-group bt_control"
					label="AUTO_ADJUST_HEIGHT" description="AUTO_ADJUST_HEIGHT_DESC">
					<option value="0">JNO</option>
					<option value="1">JYES</option>
				</field>
				
				<field name="items_per_cols" type="text" default="1"
					label="ITEMS_PER_COLS" description="ITEMS_PER_COLS_DESC" />
				<field name="items_per_rows" type="text" default="3"
					label="ITEMS_PER_ROWS" description="ITEMS_PER_ROWS_DESC" />
			</fieldset>
			<fieldset name="source_setting" label="SOURCE_SETTING"
				addfieldpath="/modules/mod_bt_contentslider/elements">
				<field name="source" type="list" default="category" label="SOURCE_FROM" class="bt_control"
					description="SOURCE_FROM_DESC">
					<option value="category">CATEGORY</option>
					<option value="article_ids">ARTICLES_IDS</option>
					<option value="joomla_tags">JOOMLA_TAGS</option>
					<option value="k2_category">K2_CATEGORY</option>
					<option value="k2_article_ids">K2_ARTICLES_IDS</option>
					<option value="k2_tags">K2_TAGS</option>
					<option value="btportfolio_category">BT_PORTFOLIO_CATEGORY</option>
					<option value="btportfolio_article_ids">BT_PORTFOLIO_ARTICLE</option>
					<option value="easyblog_category">EASYBLOG_CATEGORY</option>
					<option value="easyblog_article_ids">EASYBLOG_ARTICLE</option>
				</field>
				<field name="article_ids" type="text" default="" label="ARTICLES_IDS" class="source_article_ids"
					description="ARTICLES_IDS_DESC" />
				<field name="k2_article_ids" type="text" default="" class="source_k2_article_ids"
					label="K2_ARTICLES_IDS" description="K2_ARTICLES_IDS_DESC" />
				<field name="btportfolio_article_ids" type="text" default="" class="source_btportfolio_article_ids"
					label="BT_PORTFOLIO_ARTICLE" />
				<field name="category" show_root="true" type="category" class="source_category"
					extension="com_content" multiple="true" size="10" label="CONTENT_CATEGORY"
					description="CONTENT_CATEGORY_DESC" />
				<field name="k2_category" type="k2multicategories" class="source_k2_category"
					default="" size="10" multiple="multiple" label="K2_CATEGORIES"
					description="K2CATEGORIES_DESC" />
				<field name="btportfolio_category" type="portfoliocategory" class="source_btportfolio_category"
					default="" size="10" multiple="multiple" label="BT_PORTFOLIO_CATEGORY" />
				<field name="easyblog_article_ids" type="text" default="" class="source_easyblog_article_ids" label="EASYBLOG_ARTICLE" />
                <field name="easyblog_category" type="easyblogcategories" class="source_easyblog_category"
                        multiple="true" size="10" label="EASYBLOG_CATEGORY"
                       description="EASYBLOG_CATEGORY_DESC" />
				<field name="joomla_tags" type="joomlatags" class="source_joomla_tags"  default="" multiple="true" mode="nested" label="JOOMLA_TAGS" description="JOOMLA_TAGS_DESC"/>
				<field name="k2_tags" type="k2tags" class="source_k2_tags" default="" multiple="true" label="K2_TAGS" description="K2_TAGS" />	   
				<field name="auto_category" class="source_category source_k2_category source_btportfolio_category source_easyblog_category btn-group" type="radio" default="0" label="AUTO_CATEGORY"
					description="AUTO_CATEGORY_DESC">
					<option value="1">JYES</option>
					<option value="0">JNO</option>	
				</field>
				<field name="sub_categories" type="radio" class="source_category source_k2_category source_btportfolio_category source_easyblog_category btn-group" default="0" label="SUB_CATEGORIES" description="SUB_CATEGORIES_DESC">
					<option value="1">JYES</option>
					<option value="0">JNO</option>
				</field>
				<field name="exclude_categories" type="text" class="source_category source_k2_category source_btportfolio_category source_easyblog_category " label="EXCLUDE_CATEGORIES" description="EXCLUDE_CATEGORIES_DESC"/>
				<field name="limit_items" type="text" default="12" label="LIMIT_ITEMS"
					description="LIMIT_ITEMS_DESC" />
				<field name="limit_items_for_each" type="radio" class="btn-group" default="0" label="LIMIT_ITEMS_FOR_EACH" description="LIMIT_ITEMS_FOR_EACH_DESC">
                    <option value="1">JYES</option>
                    <option value="0">JNO</option>
                </field>
				<field name="user_id" type="list" default="0" label="USER_FILTER"
					description="USER_FILTER_DESC">
					<option value="0">USER_ANYONE</option>
					<option value="by_me">USER_ADDED_BY_ME</option>
					<option value="not_me">USER_NOTADDED_BY_ME</option>
				</field>
				<field name="show_featured" type="list" default="1"
					label="SHOW_FEATURED" description="SHOW_FEATURED_DESC">
					<option value="1">JSHOW</option>
					<option value="2">JHIDE</option>
					<option value="3">ONLY_SHOW_FEATURED</option>
				</field>
				<field name="ordering" type="list" default="created-asc"
					label="ARTCILES_SORTED_BY" description="ARTCILES_SORTED_BY_DESC">
					<option value="id-asc">ID_ASCENDING</option>
					<option value="id-desc">ID_DESCENDING</option>
					<option value="title-asc">TITLE_ASCENDING</option>
					<option value="title-desc">TITLE_DESCENDING</option>
					<option value="ordering-asc">ORDERING_ASCENDING</option>
					<option value="ordering-desc">ORDERING_DESCENDING</option>
					<option value="hits-asc">HIT_ASCENDING</option>
					<option value="hits-desc">HIT_DESCENDING</option>
					<option value="created-asc">DATE_ASCENDING</option>
					<option value="created-desc">DATE_DESCENDING</option>
					<option value="publish_up-asc">PUBLISHED_DATE_ASCENDING</option>
					<option value="publish_up-desc">PUBLISHED_DATE_DESCENDING</option>
					<option value="featured-">FEATURED_ORDERING</option>
					<option value="rand-">RANDOM</option>
				</field>
				<field name="content_plugin" type="radio" default="0" class="btn-group"
					label="CONTENT_PLUGIN" description="CONTENT_PLUGIN_DESC">
					<option value="0">JNO</option>
					<option value="1">JYES</option>
				</field>
				<field type="spacer" name="images_links_option" label="IMAGES_LINKS_OPTION" description="IMAGES_LINKS_OPTION_DESC" />
				<field name="use_introimg" type="radio" default="1" class="btn-group"
					label="USE_INTROIMG" description="USE_INTROIMG_DESC">
					<option value="0">JNO</option>
					<option value="1">JYES</option>
				</field>
				<field name="use_caption" type="radio" default="0" class="btn-group"
					label="USE_CAPTION" description="USE_CAPTION_DESC">
					<option value="0">JNO</option>
					<option value="1">JYES</option>
				</field>
				<field name="use_linka" type="radio" default="0" class="btn-group"
					label="USE_LINKA" description="USE_LINKA_DESC">
					<option value="0">JNO</option>
					<option value="1">JYES</option>
				</field>
			</fieldset>
			<fieldset name="itemlayoutsetting" label="ITEM_LAYOUT_SETTING">
				<field type="spacer" name="title_option" label="TITLE_OPTION" />
				<field name="show_title" type="radio" default="1" class="btn-group"
					label="SHOW_TITLE" description="SHOW_TITLE_DESC">
					<option value="0">JNO</option>
					<option value="1">JYES</option>
				</field>
				<field name="limit_title_by" type="list" default="word"
					label="LIMIT_TITLE_BY" description="LIMIT_TITLE_BY_DESC">
					<option value="word">WORD</option>
					<option value="char">CHARACTER</option>
				</field>
				<field name="title_max_chars" type="text" default="8"
					label="TITLE_MAX_CHARS" description="TITLE_MAX_CHARS_DESC" />
				<field type="spacer" name="intro_text_option" label="INTRO_TEXT_OPTION" />
				<field name="show_intro" type="radio" default="1" class="btn-group"
					label="SHOW_INTRO" description="SHOW_INTRO_DESC">
					<option value="0">JNO</option>
					<option value="1">JYES</option>
				</field>
				<field name="limit_description_by" type="list" default="char"
					label="LIMIT_DESCRIPTION_BY" description="LIMIT_DESCRIPTION_BY_DESC">
					<option value="word">WORD</option>
					<option value="char">CHARACTER</option>
				</field>
				<field name="description_max_chars" type="text" default="100"
					label="DESCRIPTION_MAX_CHARS" description="DESCRIPTION_MAX_CHARS_DESC" />
				<field name="show_category_name" type="radio" default="1"
					class="btn-group" label="SHOW_CATEGORY_NAME" description="SHOW_CATEGORY_NAME_DESC">
					<option value="0">JNO</option>
					<option value="1">JYES</option>
				</field>
				<field name="show_category_name_as_link" type="radio" default="1"
					class="btn-group" label="SHOW_CATEGORY_NAME_AS_LINK" description="SHOW_CATEGORY_NAME_AS_LINK_DESC">
					<option value="0">JNO</option>
					<option value="1">JYES</option>
				</field>
				<field name="show_readmore" type="radio" default="1" class="btn-group"
					label="SHOW_READ_MORE" description="SHOW_READ_MORE_DESC">
					<option value="0">JNO</option>
					<option value="1">JYES</option>
				</field>
				<field name="show_date" type="radio" default="0" class="btn-group"
					label="SHOW_DATE" description="SHOW_DATE_DESC">
					<option value="0">JNO</option>
					<option value="1">JYES</option>
				</field>
				<field name="show_author" type="radio" default="0" class="btn-group"
					label="SHOW_AUTHOR" description="SHOW_AUTHOR_DESC">
					<option value="0">JNO</option>
					<option value="1">JYES</option>
				</field>
				<field type="spacer" name="image_option" label="IMAGE_OPTION" />
				<field name="show_image" type="radio" default="1" class="btn-group"
					label="SHOW_IMAGE" description="SHOW_IMAGE_DESC">
					<option value="0">JNO</option>
					<option value="1">JYES</option>
				</field>

				<!-- 添加后台选项 -->
				<!-- 添加后台选项 -->
				<field name="fontawesome_icon" type="text" default=""
					label="FONT_AWESOME" description="INSERT_FONT_AWESOME" />
				<field name="font_float"  type="list" default="float" label="FONT_AWESOME_FLOAT"
					description="FONT_AWESOME_FLOAT_DSC">
					<option value="pull-left">OPTION_LEFT</option>
					<option value="pull-right">OPTION_RIGHT</option>
				</field>
					
				<field name="checkimg_fulltext" type="radio" default="0" class="btn-group"
					label="CHECKIMG_FULLTEXT" description="CHECKIMG_FULLTEXT_DESC">
					<option value="0">JNO</option>
					<option value="1">JYES</option>
				</field>
				<field name="check_image_exist" type="radio" default="0" class="btn-group"
					label="CHECK_IMAGE_EXIST" description="CHECK_IMAGE_EXIST_DESC">
					<option value="0">JNO</option>
					<option value="1">JYES</option>
				</field>
				<field name="image_align" class="bt_control" type="list" default="center" label="IMAGE_ALIGN"
					description="IMAGE_ALIGN_DESC">
					<option value="left">OPTION_LEFT</option>
					<option value="right">OPTION_RIGHT</option>
					<option value="center">OPTION_CENTER</option>
				</field>
				<field name="equalHeight" class="btn-group image_align_center" type="radio" default="1" 
					label="EQUAL_HEIGHT" description="EQUAL_HEIGHT_DESC">
					<option value="0">JNO</option>
					<option value="1">JYES</option>
				</field>
				<field name="image_thumb" type="radio" default="1" class="btn-group"
					label="IMAGE_THUMB" description="IMAGE_THUMB_DESC">
					<option value="0">JNO</option>
					<option value="1">JYES</option>
				</field>
				<field name="thumbnail_width" type="text" default="180"
					label="THUMBNAIL_WIDTH" description="THUMBNAIL_WIDTH_DESC" />
				<field name="thumbnail_height" type="text" default="120"
					label="THUMBNAIL_HEIGHT" description="THUMBNAIL_HEIGHT_DESC" />
				<field name="image_quality"	 type="text" default="80" label="IMAGE_QUALITY" description="IMAGE_QUALITY_DESC"/>
				<field name="default_thumb" type="radio" default="1" class="btn-group"
					label="DEFAULT_THUMB" description="DEFAULT_THUMB_DESC">
					<option value="0">JNO</option>
					<option value="1">JYES</option>
				</field>
					
			</fieldset>
			<fieldset name="effectsetting" label="EFFECT_SETTING">
				<field name="touch_screen" type="radio" default="0" class="btn-group"
					label="TOUCH_SCREEN_LABEL" description="TOUCH_SCREEN_DESC">
					<option value="0">JNO</option>
					<option value="1">JYES</option>
				</field>
				<field name="hovereffect" type="radio" default="1" class="btn-group"
					label="IMAGE_THUMB_EFFECT" description="IMAGE_THUMB_EFFECT_DESC">
					<option value="0">JNO</option>
					<option value="1">JYES</option>
				</field>
				<field name="modalbox" type="radio" default="0" class="btn-group"
					label="MODALBOX_EFFECT" description="MODALBOX_EFFECT_DESC">
					<option value="0">JNO</option>
					<option value="1">JYES</option>
				</field>
				<field name="next_back_effect" type="list" default="slide"
					label="NEXT_BACK_EFFECT_LABEL" description="NEXT_BACK_EFFECT_DESC">
					<option value="slide">OPTION_SLIDE</option>
					<option value="fade">OPTION_FADE</option>
				</field>
				<field name="bullet_effect" type="list" default="slide"
					label="BULLET_EFFECT_LABEL" description="BULLET_EFFECT_DESC">
					<option value="slide">OPTION_SLIDE</option>
					<option value="fade">OPTION_FADE</option>
				</field>
				<field name="pause_hover" class="btn-group" type="radio"
					default="1" label="PAUSE_HOVER_LABEL" description="PAUSE_HOVER_DESC">
					<option value="0">JNO</option>
					<option value="1">JYES</option>
				</field>
				<field name="interval" type="text" default="5000" label="INTERVAL"
					description="INTERVAL_DESC" />
				<field name="duration" type="text" default="500"
					label="ANIMATION_DURATION" description="ANIMATION_DURATION_DESC" />
				<field name="effect" type="list" default="easeInQuad"
					label="PAGE_ANIMATION_TRANSITION" description="PAGE_ANIMATION_TRANSITION_DESC">
					<option value="jswing">jswing</option>
					<option value="easeInQuad">easeInQuad</option>
					<option value="easeOutQuad">easeOutQuad</option>
					<option value="easeInOutQuad">easeInOutQuad</option>
					<option value="easeInCubic">easeInCubic</option>
					<option value="easeOutCubic">easeOutCubic</option>
					<option value="easeInOutCubic">easeInOutCubic</option>
					<option value="easeInQuart">easeInQuart</option>
					<option value="easeOutQuart">easeOutQuart</option>
					<option value="easeInOutQuart">easeInOutQuart</option>
					<option value="easeInQuint">easeInQuint</option>
					<option value="easeOutQuint">easeOutQuint</option>
					<option value="easeInOutQuint">easeInOutQuint</option>
					<option value="easeInSine">easeInSine</option>
					<option value="easeOutSine">easeOutSine</option>
					<option value="easeInOutSine">easeInOutSine</option>
					<option value="easeInExpo">easeInExpo</option>
					<option value="easeOutExpo">easeOutExpo</option>
					<option value="easeInOutExpo">easeInOutExpo</option>
					<option value="easeInCirc">easeInCirc</option>
					<option value="easeOutCirc">easeOutCirc</option>
					<option value="easeInOutCirc">easeInOutCirc</option>
					<option value="easeInElastic">easeInElastic</option>
					<option value="easeOutElastic">easeOutElastic</option>
					<option value="easeInOutElastic">easeInOutElastic</option>
					<option value="easeInBack">easeInBack</option>
					<option value="easeOutBack">easeOutBack</option>
					<option value="easeInOutBack">easeInOutBack</option>
					<option value="easeInBounce">easeInBounce</option>
					<option value="easeOutBounce">easeOutBounce</option>
					<option value="easeInOutBounce">easeInOutBounce</option>
				</field>
				<field name="auto_start" type="radio" class="btn-group"
					default="1" label="AUTO_START" description="AUTO_START_DESC">
					<option value="0">JNO</option>
					<option value="1">JYES</option>
				</field>
			</fieldset>
			<fieldset name="advanced">
				<field class="btn-group" name="auto_strip_tags" type="radio"
					default="1" label="STRIP_TAGS" description="STRIP_TAGS_DESC">
					<option value="0">JNO</option>
					<option value="1">JYES</option>
				</field>
				<field name="allow_tags" type="list" default="" multiple="multiple"
					label="ALLOW_TAGS" description="ALLOW_TAGS_DESC">
					<option value="a">OPTION_LINK</option>
					<option value="img">OPTION_IMAGE</option>
					<option value="b">OPTION_BOLD</option>
					<option value="i">OPTION_ITALIC</option>
					<option value="font">OPTION_FONT</option>
					<option value="br">OPTION_NEWLINE</option>	
					<option value="h1">h1</option>
				</field>
				<field name="open_target" type="list" default="_parent"
					label="CLICK_LINK_OPEN_IN" description="CLICK_LINK_OPEN_IN_DESC">
					<option value="_blank">OPTION_NEW_WINDOW</option>
					<option value="_parent">OPTION_PARENT_WINDOW</option>	
				</field>
				<field name="loadJquery" type="list" default="auto" label="BT_LOADJQUERY"
					description="BT_LOADJQUERY_DESC">
					<option value="auto">Auto</option>
					<option value="1">JYES</option>
					<option value="0">JNO</option>
				</field>
				<field name="cache" type="list" default="1"
					label="COM_MODULES_FIELD_CACHING_LABEL" description="COM_MODULES_FIELD_CACHING_DESC">
					<option value="1">JGLOBAL_USE_GLOBAL</option>
					<option value="0">COM_MODULES_FIELD_VALUE_NOCACHING</option>
				</field>
				<field name="cache_time" type="text" default="900"
					label="COM_MODULES_FIELD_CACHE_TIME_LABEL" description="COM_MODULES_FIELD_CACHE_TIME_DESC" />
				<field addfieldpath="/modules/mod_bt_contentslider/admin/formfield" type="asset" name="asset" path="modules/mod_bt_contentslider/admin/" />
			</fieldset>

		</fields>
	</config>
</extension>
