<?xml version="1.0" encoding="UTF-8" ?>
<extension type="package" version="3.7" method="upgrade">
	<name>Chinese Simplified (zh-CN) Language Pack</name>
	<packagename>zh-CN</packagename>
	<version>3.7.3.1</version>
	<creationDate>2017 July</creationDate>
	<author>joomlabook</author>
	<authorEmail></authorEmail>
	<authorUrl></authorUrl>
	<copyright>Copyright </copyright>
	<license></license>
	<url></url>
	<packager>Joomla! Project</packager>
	<packagerurl>www.joomla.org</packagerurl>
	<description><![CDATA[Joomla！简体中文(zh-CN) 语言]]></description>
	<blockChildUninstall>true</blockChildUninstall>
	<files>
		<folder type="language" client="site" id="zh-CN">site_zh-CN</folder>
		<folder type="language" client="administrator" id="zh-CN">admin_zh-CN</folder>
	</files>
	<updateservers>
		<server type="collection" priority="1" name="Accredited Joomla! Translations">
			https://update.joomla.org/language/translationlist_3.xml
		</server>
	</updateservers>
</extension>
